Name,Path,Version,Dev Dependency,Flagged,
@babel/code-frame,,7.0.0-rc.1,true,false,
@babel/highlight,,7.0.0-rc.1,true,false,
js-tokens,@babel/highlight.js-tokens,3.0.2,true,false,
@microsoft/load-themed-styles,,1.7.77,false,false,
@mrmlnc/readdir-enhanced,,2.2.1,true,false,
@nodelib/fs.stat,,1.1.0,true,false,
@sindresorhus/is,,0.7.0,true,false,
@types/body-parser,,1.17.0,false,false,
@types/node,@types/body-parser.@types/node,10.5.7,false,false,
@types/cheerio,,0.22.8,true,false,
@types/connect,,3.4.32,false,false,
@types/node,@types/connect.@types/node,10.5.7,false,false,
@types/enzyme,,3.1.9,true,false,
@types/events,,1.2.0,false,false,
@types/express,,4.16.0,false,false,
@types/express-serve-static-core,,4.16.0,false,false,
@types/node,@types/express-serve-static-core.@types/node,10.5.7,false,false,
@types/form-data,,2.2.1,false,false,
@types/node,@types/form-data.@types/node,10.5.7,false,false,
@types/http-proxy,,1.16.2,true,false,
@types/http-proxy-middleware,,0.17.5,true,false,
@types/i18next,,8.4.4,true,false,
@types/jest,,21.1.5,true,false,
@types/localforage,,0.0.34,true,false,
@types/mime,,2.0.0,false,false,
@types/node,,9.6.2,true,false,
@types/prop-types,,15.5.4,false,false,
@types/range-parser,,1.2.2,false,false,
@types/react,,16.4.2,false,false,
@types/react-dom,,16.0.4,true,false,
@types/react-i18next,,7.8.2,true,false,
@types/react-redux,,6.0.2,true,false,
@types/redux-logger,,3.0.6,true,false,
redux,@types/redux-logger.redux,3.7.2,true,false,
@types/serve-static,,1.13.2,false,false,
@types/tapable,,1.0.4,true,false,
@types/tough-cookie,,2.3.3,false,false,
@types/uglify-js,,3.0.3,true,false,
@types/uuid,,3.4.3,false,false,
@types/node,@types/uuid.@types/node,10.5.7,false,false,
@types/webpack,,4.4.9,true,false,
@types/webpack-dev-server,,2.9.5,true,false,
@types/webpack-merge,,4.1.3,true,false,
@types/xml2js,,0.4.3,false,false,
@types/node,@types/xml2js.@types/node,10.5.7,false,false,
@uifabric/icons,,6.0.2,false,false,
@uifabric/merge-styles,,6.7.0,false,false,
@uifabric/styling,,6.14.0,false,false,
@uifabric/utilities,,6.12.1,false,false,
abab,,2.0.0,true,false,
abbrev,,1.1.1,true,false,
accepts,,1.3.5,true,false,
acorn-globals,,4.1.0,true,false,
acorn,acorn-globals.acorn,5.7.3,true,false,
ajv,,5.5.2,true,false,
ajv-keywords,,3.2.0,true,false,
align-text,,0.1.4,true,false,
kind-of,align-text.kind-of,3.2.2,true,false,
amdefine,,1.0.1,true,false,
ansi-escapes,,3.1.0,true,false,
ansi-html,,0.0.7,true,false,
ansi-regex,,2.1.1,true,false,
ansi-styles,,3.2.1,true,false,
any-observable,,0.2.0,true,false,
anymatch,,2.0.0,true,false,
append-transform,,1.0.0,true,false,
aproba,,1.2.0,true,false,
are-we-there-yet,,1.1.5,true,false,
argparse,,1.0.10,true,false,
arr-diff,,4.0.0,true,false,
arr-flatten,,1.1.0,true,false,
arr-union,,3.1.0,true,false,
array-differ,,1.0.0,true,false,
array-equal,,1.0.0,true,false,
array-find-index,,1.0.2,true,false,
array-flatten,,2.1.1,true,false,
array-includes,,3.0.3,true,false,
array-union,,1.0.2,true,false,
array-uniq,,1.0.3,true,false,
array-unique,,0.3.2,true,false,
arrify,,1.0.1,true,false,
asap,,2.0.6,false,false,
asn1,,0.2.4,true,false,
asn1.js,,4.10.1,true,false,
assert,,1.4.1,true,false,
inherits,assert.inherits,2.0.1,true,false,
util,assert.util,0.10.3,true,false,
assert-plus,,1.0.0,true,false,
assign-symbols,,1.0.0,true,false,
ast-types,,0.11.5,true,false,
astral-regex,,1.0.0,true,false,
async,,2.6.1,true,false,
async-each,,1.0.1,true,false,
async-foreach,,0.1.3,true,false,
async-limiter,,1.0.0,true,false,
asynckit,,0.4.0,false,false,
atob,,2.1.1,true,false,
autobind-decorator,,2.1.0,false,false,
awesome-typescript-loader,,5.0.0,true,false,
aws-sign2,,0.7.0,true,false,
aws4,,1.8.0,true,false,
axios,,0.18.0,false,false,
babel-code-frame,,6.26.0,true,false,
ansi-styles,babel-code-frame.ansi-styles,2.2.1,true,false,
chalk,babel-code-frame.chalk,1.1.3,true,false,
js-tokens,babel-code-frame.js-tokens,3.0.2,true,false,
strip-ansi,babel-code-frame.strip-ansi,3.0.1,true,false,
supports-color,babel-code-frame.supports-color,2.0.0,true,false,
babel-core,,6.26.3,true,false,
debug,babel-core.debug,2.6.9,true,false,
source-map,babel-core.source-map,0.5.7,true,false,
babel-generator,,6.26.1,true,false,
source-map,babel-generator.source-map,0.5.7,true,false,
babel-helper-bindify-decorators,,6.24.1,true,false,
babel-helper-builder-binary-assignment-operator-visitor,,6.24.1,true,false,
babel-helper-call-delegate,,6.24.1,true,false,
babel-helper-define-map,,6.26.0,true,false,
babel-helper-explode-assignable-expression,,6.24.1,true,false,
babel-helper-explode-class,,6.24.1,true,false,
babel-helper-function-name,,6.24.1,true,false,
babel-helper-get-function-arity,,6.24.1,true,false,
babel-helper-hoist-variables,,6.24.1,true,false,
babel-helper-optimise-call-expression,,6.24.1,true,false,
babel-helper-regex,,6.26.0,true,false,
babel-helper-remap-async-to-generator,,6.24.1,true,false,
babel-helper-replace-supers,,6.24.1,true,false,
babel-helpers,,6.24.1,true,false,
babel-jest,,23.6.0,true,false,
babel-messages,,6.23.0,true,false,
babel-plugin-check-es2015-constants,,6.22.0,true,false,
babel-plugin-istanbul,,4.1.6,true,false,
babel-plugin-jest-hoist,,23.2.0,true,false,
babel-plugin-syntax-async-functions,,6.13.0,true,false,
babel-plugin-syntax-async-generators,,6.13.0,true,false,
babel-plugin-syntax-class-constructor-call,,6.18.0,true,false,
babel-plugin-syntax-class-properties,,6.13.0,true,false,
babel-plugin-syntax-decorators,,6.13.0,true,false,
babel-plugin-syntax-dynamic-import,,6.18.0,true,false,
babel-plugin-syntax-exponentiation-operator,,6.13.0,true,false,
babel-plugin-syntax-export-extensions,,6.13.0,true,false,
babel-plugin-syntax-flow,,6.18.0,true,false,
babel-plugin-syntax-object-rest-spread,,6.13.0,true,false,
babel-plugin-syntax-trailing-function-commas,,6.22.0,true,false,
babel-plugin-transform-async-generator-functions,,6.24.1,true,false,
babel-plugin-transform-async-to-generator,,6.24.1,true,false,
babel-plugin-transform-class-constructor-call,,6.24.1,true,false,
babel-plugin-transform-class-properties,,6.24.1,true,false,
babel-plugin-transform-decorators,,6.24.1,true,false,
babel-plugin-transform-es2015-arrow-functions,,6.22.0,true,false,
babel-plugin-transform-es2015-block-scoped-functions,,6.22.0,true,false,
babel-plugin-transform-es2015-block-scoping,,6.26.0,true,false,
babel-plugin-transform-es2015-classes,,6.24.1,true,false,
babel-plugin-transform-es2015-computed-properties,,6.24.1,true,false,
babel-plugin-transform-es2015-destructuring,,6.23.0,true,false,
babel-plugin-transform-es2015-duplicate-keys,,6.24.1,true,false,
babel-plugin-transform-es2015-for-of,,6.23.0,true,false,
babel-plugin-transform-es2015-function-name,,6.24.1,true,false,
babel-plugin-transform-es2015-literals,,6.22.0,true,false,
babel-plugin-transform-es2015-modules-amd,,6.24.1,true,false,
babel-plugin-transform-es2015-modules-commonjs,,6.26.2,true,false,
babel-plugin-transform-es2015-modules-systemjs,,6.24.1,true,false,
babel-plugin-transform-es2015-modules-umd,,6.24.1,true,false,
babel-plugin-transform-es2015-object-super,,6.24.1,true,false,
babel-plugin-transform-es2015-parameters,,6.24.1,true,false,
babel-plugin-transform-es2015-shorthand-properties,,6.24.1,true,false,
babel-plugin-transform-es2015-spread,,6.22.0,true,false,
babel-plugin-transform-es2015-sticky-regex,,6.24.1,true,false,
babel-plugin-transform-es2015-template-literals,,6.22.0,true,false,
babel-plugin-transform-es2015-typeof-symbol,,6.23.0,true,false,
babel-plugin-transform-es2015-unicode-regex,,6.24.1,true,false,
babel-plugin-transform-exponentiation-operator,,6.24.1,true,false,
babel-plugin-transform-export-extensions,,6.22.0,true,false,
babel-plugin-transform-flow-strip-types,,6.22.0,true,false,
babel-plugin-transform-object-rest-spread,,6.26.0,true,false,
babel-plugin-transform-regenerator,,6.26.0,true,false,
babel-plugin-transform-strict-mode,,6.24.1,true,false,
babel-polyfill,,6.26.0,false,false,
babel-preset-es2015,,6.24.1,true,false,
babel-preset-jest,,23.2.0,true,false,
babel-preset-stage-1,,6.24.1,true,false,
babel-preset-stage-2,,6.24.1,true,false,
babel-preset-stage-3,,6.24.1,true,false,
babel-register,,6.26.0,true,false,
source-map,babel-register.source-map,0.5.7,true,false,
source-map-support,babel-register.source-map-support,0.4.18,true,false,
babel-runtime,,6.26.0,false,false,
regenerator-runtime,babel-runtime.regenerator-runtime,0.11.1,false,false,
babel-template,,6.26.0,true,false,
babel-traverse,,6.26.0,true,false,
debug,babel-traverse.debug,2.6.9,true,false,
babel-types,,6.26.0,true,false,
babylon,,6.18.0,true,false,
balanced-match,,1.0.0,true,false,
base,,0.11.2,true,false,
define-property,base.define-property,1.0.0,true,false,
is-accessor-descriptor,base.is-accessor-descriptor,1.0.0,true,false,
is-data-descriptor,base.is-data-descriptor,1.0.0,true,false,
is-descriptor,base.is-descriptor,1.0.2,true,false,
base64-js,,1.3.0,true,false,
batch,,0.6.1,true,false,
bcrypt-pbkdf,,1.0.2,true,false,
bfj-node4,,5.3.1,true,false,
big.js,,3.2.0,true,false,
binary-extensions,,1.11.0,true,false,
binaryextensions,,2.1.1,true,false,
block-stream,,0.0.9,true,false,
bluebird,,3.5.1,true,false,
bn.js,,4.11.8,true,false,
body-parser,,1.18.2,true,false,
debug,body-parser.debug,2.6.9,true,false,
iconv-lite,body-parser.iconv-lite,0.4.19,true,false,
qs,body-parser.qs,6.5.1,true,false,
bonjour,,3.5.0,true,false,
boolbase,,1.0.0,true,false,
brace-expansion,,1.1.11,true,false,
braces,,2.3.2,true,false,
extend-shallow,braces.extend-shallow,2.0.1,true,false,
brorand,,1.1.0,true,false,
browser-process-hrtime,,0.1.2,true,false,
browser-resolve,,1.11.3,true,false,
browserify-aes,,1.2.0,true,false,
browserify-cipher,,1.0.1,true,false,
browserify-des,,1.0.2,true,false,
browserify-rsa,,4.0.1,true,false,
browserify-sign,,4.0.4,true,false,
browserify-zlib,,0.2.0,true,false,
bs-logger,,0.2.5,true,false,
bser,,2.0.0,true,false,
buffer,,4.9.1,true,false,
buffer-alloc,,1.2.0,true,false,
buffer-alloc-unsafe,,1.1.0,true,false,
buffer-fill,,1.0.0,true,false,
buffer-from,,1.1.1,true,false,
buffer-indexof,,1.1.1,true,false,
buffer-xor,,1.0.3,true,false,
builtin-modules,,1.1.1,true,false,
builtin-status-codes,,3.0.0,true,false,
bytes,,3.0.0,true,false,
cacache,,10.0.4,true,false,
y18n,cacache.y18n,4.0.0,true,false,
cache-base,,1.0.1,true,false,
cacheable-request,,2.1.4,true,false,
lowercase-keys,cacheable-request.lowercase-keys,1.0.0,true,false,
normalize-url,cacheable-request.normalize-url,2.0.1,true,false,
prepend-http,cacheable-request.prepend-http,2.0.0,true,false,
query-string,cacheable-request.query-string,5.1.1,true,false,
sort-keys,cacheable-request.sort-keys,2.0.0,true,false,
call-me-maybe,,1.0.1,true,false,
callsites,,2.0.0,true,false,
camelcase,,1.2.1,true,false,
camelcase-keys,,2.1.0,true,false,
camelcase,camelcase-keys.camelcase,2.1.1,true,false,
capture-exit,,1.2.0,true,false,
caseless,,0.12.0,true,false,
center-align,,0.1.3,true,false,
chalk,,2.4.1,true,false,
change-emitter,,0.1.6,false,false,
chardet,,0.4.2,true,false,
check-types,,7.4.0,true,false,
cheerio,,1.0.0-rc.2,true,false,
chownr,,1.0.1,true,false,
chrome-trace-event,,0.1.3,true,false,
ci-info,,1.1.3,true,false,
cipher-base,,1.0.4,true,false,
class-utils,,0.3.6,true,false,
define-property,class-utils.define-property,0.2.5,true,false,
cli-cursor,,2.1.0,true,false,
cli-spinners,,0.1.2,true,false,
cli-table,,0.3.1,true,false,
colors,cli-table.colors,1.0.3,true,false,
cli-truncate,,0.2.1,true,false,
is-fullwidth-code-point,cli-truncate.is-fullwidth-code-point,1.0.0,true,false,
string-width,cli-truncate.string-width,1.0.2,true,false,
strip-ansi,cli-truncate.strip-ansi,3.0.1,true,false,
cli-width,,2.2.0,true,false,
cliui,,2.1.0,true,false,
wordwrap,cliui.wordwrap,0.0.2,true,false,
clone,,1.0.4,true,false,
clone-buffer,,1.0.0,true,false,
clone-deep,,2.0.2,true,false,
for-own,clone-deep.for-own,1.0.0,true,false,
clone-response,,1.0.2,true,false,
clone-stats,,0.0.1,true,false,
cloneable-readable,,1.1.2,true,false,
co,,4.6.0,true,false,
code-point-at,,1.1.0,true,false,
collection-visit,,1.0.0,true,false,
color,,3.0.0,true,false,
color-convert,,1.9.2,true,false,
color-name,,1.1.1,true,false,
color-string,,1.5.3,true,false,
colornames,,1.1.1,true,false,
colors,,1.3.1,true,false,
colorspace,,1.1.1,true,false,
combined-stream,,1.0.6,false,false,
commander,,2.17.1,true,false,
commondir,,1.0.1,true,false,
compare-versions,,3.3.0,true,false,
component-emitter,,1.2.1,true,false,
compressible,,2.0.14,true,false,
compression,,1.7.3,true,false,
debug,compression.debug,2.6.9,true,false,
concat-map,,0.0.1,true,false,
concat-stream,,1.6.2,true,false,
connect-history-api-fallback,,1.5.0,true,false,
console-browserify,,1.1.0,true,false,
console-control-strings,,1.1.0,true,false,
constants-browserify,,1.0.0,true,false,
content-disposition,,0.5.2,true,false,
content-type,,1.0.4,true,false,
convert-source-map,,1.5.1,true,false,
cookie,,0.3.1,true,false,
cookie-signature,,1.0.6,true,false,
copy-concurrently,,1.0.5,true,false,
copy-descriptor,,0.1.1,true,false,
core-js,,2.5.7,false,false,
core-util-is,,1.0.2,true,false,
create-ecdh,,4.0.3,true,false,
create-hash,,1.2.0,true,false,
create-hmac,,1.1.7,true,false,
cross-spawn,,5.1.0,true,false,
crypto-browserify,,3.12.0,true,false,
css-loader,,1.0.0,true,false,
css-select,,1.2.0,true,false,
css-selector-tokenizer,,0.7.0,true,false,
regexpu-core,css-selector-tokenizer.regexpu-core,1.0.0,true,false,
css-what,,2.1.0,true,false,
cssesc,,0.1.0,true,false,
cssom,,0.3.4,true,false,
cssstyle,,1.0.0,true,false,
csstype,,2.5.6,false,false,
currently-unhandled,,0.4.1,true,false,
cyclist,,0.2.2,true,false,
d,,1.0.0,true,false,
dargs,,5.1.0,true,false,
dashdash,,1.14.1,true,false,
data-urls,,1.0.0,true,false,
abab,data-urls.abab,1.0.4,true,false,
date-fns,,1.29.0,true,false,
date-now,,0.1.4,true,false,
dateformat,,3.0.3,true,false,
debug,,3.1.0,false,false,
decamelize,,1.2.0,true,false,
decode-uri-component,,0.2.0,true,false,
decompress-response,,3.3.0,true,false,
deep-diff,,0.3.8,false,false,
deep-equal,,1.0.1,true,false,
deep-extend,,0.6.0,true,false,
deep-is,,0.1.3,true,false,
deepmerge,,2.1.1,false,false,
default-require-extensions,,2.0.0,true,false,
define-properties,,1.1.2,true,false,
define-property,,2.0.2,true,false,
is-accessor-descriptor,define-property.is-accessor-descriptor,1.0.0,true,false,
is-data-descriptor,define-property.is-data-descriptor,1.0.0,true,false,
is-descriptor,define-property.is-descriptor,1.0.2,true,false,
delayed-stream,,1.0.0,false,false,
delegates,,1.0.0,true,false,
depd,,1.1.2,true,false,
des.js,,1.0.0,true,false,
destroy,,1.0.4,true,false,
detect-conflict,,1.0.1,true,false,
detect-indent,,4.0.0,true,false,
detect-newline,,2.1.0,true,false,
detect-node,,2.0.3,true,false,
diagnostics,,1.1.1,true,false,
diff,,3.5.0,true,false,
diffie-hellman,,5.0.3,true,false,
dir-glob,,2.0.0,true,false,
path-type,dir-glob.path-type,3.0.0,true,false,
pify,dir-glob.pify,3.0.0,true,false,
discontinuous-range,,1.0.0,true,false,
dnd-core,,4.0.5,false,false,
dns-equal,,1.0.0,true,false,
dns-packet,,1.3.1,true,false,
dns-txt,,2.0.2,true,false,
dom-serializer,,0.1.0,true,false,
domelementtype,dom-serializer.domelementtype,1.1.3,true,false,
dom-walk,,0.1.1,false,false,
domain-browser,,1.2.0,true,false,
domelementtype,,1.3.0,true,false,
domexception,,1.0.1,true,false,
domhandler,,2.4.2,true,false,
domutils,,1.5.1,true,false,
duplexer,,0.1.1,true,false,
duplexer3,,0.1.4,true,false,
duplexify,,3.6.0,true,false,
ecc-jsbn,,0.1.2,true,false,
editions,,1.3.4,true,false,
ee-first,,1.1.1,true,false,
ejs,,2.6.1,true,false,
elegant-spinner,,1.0.1,true,false,
elliptic,,6.4.1,true,false,
emojis-list,,2.1.0,true,false,
enabled,,1.0.2,true,false,
encodeurl,,1.0.2,true,false,
encoding,,0.1.12,false,false,
end-of-stream,,1.4.1,true,false,
enhanced-resolve,,4.1.0,true,false,
entities,,1.1.1,true,false,
env-variable,,0.0.4,true,false,
envinfo,,4.4.2,true,false,
enzyme,,3.1.1,true,false,
enzyme-adapter-react-16,,1.0.4,true,false,
enzyme-adapter-utils,,1.5.0,true,false,
enzyme-to-json,,3.3.4,true,false,
errno,,0.1.7,true,false,
error,,7.0.2,true,false,
error-ex,,1.3.2,true,false,
is-arrayish,error-ex.is-arrayish,0.2.1,true,false,
es-abstract,,1.12.0,true,false,
es-to-primitive,,1.1.1,true,false,
es5-ext,,0.10.45,true,false,
es6-iterator,,2.0.3,true,false,
es6-symbol,,3.1.1,true,false,
escape-html,,1.0.3,true,false,
escape-string-regexp,,1.0.5,true,false,
escodegen,,1.11.0,true,false,
esprima,escodegen.esprima,3.1.3,true,false,
eslint-scope,,3.7.3,true,false,
esprima,,4.0.1,true,false,
esrecurse,,4.2.1,true,false,
estraverse,,4.2.0,true,false,
esutils,,2.0.2,true,false,
etag,,1.8.1,true,false,
eventemitter3,,3.1.0,true,false,
events,,1.1.1,true,false,
eventsource,,0.1.6,true,false,
evp_bytestokey,,1.0.3,true,false,
exec-sh,,0.2.2,true,false,
execa,,0.7.0,true,false,
exenv,,1.2.2,false,false,
exit,,0.1.2,true,false,
exit-hook,,1.1.1,true,false,
expand-brackets,,2.1.4,true,false,
debug,expand-brackets.debug,2.6.9,true,false,
define-property,expand-brackets.define-property,0.2.5,true,false,
extend-shallow,expand-brackets.extend-shallow,2.0.1,true,false,
expand-range,,1.8.2,true,false,
fill-range,expand-range.fill-range,2.2.4,true,false,
is-number,expand-range.is-number,2.1.0,true,false,
isobject,expand-range.isobject,2.1.0,true,false,
kind-of,expand-range.kind-of,3.2.2,true,false,
expand-tilde,,2.0.2,true,false,
expect,,23.6.0,true,false,
express,,4.16.3,true,false,
array-flatten,express.array-flatten,1.1.1,true,false,
debug,express.debug,2.6.9,true,false,
path-to-regexp,express.path-to-regexp,0.1.7,true,false,
qs,express.qs,6.5.1,true,false,
safe-buffer,express.safe-buffer,5.1.1,true,false,
extend,,3.0.2,true,false,
extend-shallow,,3.0.2,true,false,
is-extendable,extend-shallow.is-extendable,1.0.1,true,false,
external-editor,,2.2.0,true,false,
extglob,,2.0.4,true,false,
define-property,extglob.define-property,1.0.0,true,false,
extend-shallow,extglob.extend-shallow,2.0.1,true,false,
is-accessor-descriptor,extglob.is-accessor-descriptor,1.0.0,true,false,
is-data-descriptor,extglob.is-data-descriptor,1.0.0,true,false,
is-descriptor,extglob.is-descriptor,1.0.2,true,false,
extsprintf,,1.3.0,true,false,
fast-deep-equal,,1.1.0,true,false,
fast-glob,,2.2.2,true,false,
glob-parent,fast-glob.glob-parent,3.1.0,true,false,
is-glob,glob-parent.is-glob,3.1.0,true,false,
is-extglob,fast-glob.is-extglob,2.1.1,true,false,
is-glob,fast-glob.is-glob,4.0.0,true,false,
fast-json-stable-stringify,,2.0.0,true,false,
fast-levenshtein,,2.0.6,true,false,
fast-safe-stringify,,2.0.5,true,false,
fastparse,,1.1.1,true,false,
faye-websocket,,0.11.1,true,false,
fb-watchman,,2.0.0,true,false,
fbjs,,0.8.17,false,false,
core-js,fbjs.core-js,1.2.7,false,false,
fecha,,2.3.3,true,false,
figures,,2.0.0,true,false,
filename-regex,,2.0.1,true,false,
fileset,,2.0.3,true,false,
filesize,,3.5.11,true,false,
fill-range,,4.0.0,true,false,
extend-shallow,fill-range.extend-shallow,2.0.1,true,false,
finalhandler,,1.1.1,true,false,
debug,finalhandler.debug,2.6.9,true,false,
find-cache-dir,,1.0.0,true,false,
find-up,,2.1.0,true,false,
first-chunk-stream,,2.0.0,true,false,
flow-parser,,0.78.0,true,false,
flush-write-stream,,1.0.3,true,false,
follow-redirects,,1.5.2,false,false,
for-in,,1.0.2,true,false,
for-own,,0.1.5,true,false,
foreach,,2.0.5,true,false,
forever-agent,,0.6.1,true,false,
form-data,,2.3.2,false,false,
forwarded,,0.1.2,true,false,
fragment-cache,,0.2.1,true,false,
fresh,,0.5.2,true,false,
from2,,2.3.0,true,false,
fs-write-stream-atomic,,1.0.10,true,false,
fs.realpath,,1.0.0,true,false,
fsevents,,1.2.4,true,false,
abbrev,fsevents.abbrev,1.1.1,true,false,
ansi-regex,fsevents.ansi-regex,2.1.1,true,false,
aproba,fsevents.aproba,1.2.0,true,false,
are-we-there-yet,fsevents.are-we-there-yet,1.1.4,true,false,
balanced-match,fsevents.balanced-match,1.0.0,true,false,
brace-expansion,fsevents.brace-expansion,1.1.11,true,false,
chownr,fsevents.chownr,1.0.1,true,false,
code-point-at,fsevents.code-point-at,1.1.0,true,false,
concat-map,fsevents.concat-map,0.0.1,true,false,
console-control-strings,fsevents.console-control-strings,1.1.0,true,false,
core-util-is,fsevents.core-util-is,1.0.2,true,false,
debug,fsevents.debug,2.6.9,true,false,
deep-extend,fsevents.deep-extend,0.5.1,true,false,
delegates,fsevents.delegates,1.0.0,true,false,
detect-libc,fsevents.detect-libc,1.0.3,true,false,
fs-minipass,fsevents.fs-minipass,1.2.5,true,false,
fs.realpath,fsevents.fs.realpath,1.0.0,true,false,
gauge,fsevents.gauge,2.7.4,true,false,
glob,fsevents.glob,7.1.2,true,false,
has-unicode,fsevents.has-unicode,2.0.1,true,false,
iconv-lite,fsevents.iconv-lite,0.4.21,true,false,
ignore-walk,fsevents.ignore-walk,3.0.1,true,false,
inflight,fsevents.inflight,1.0.6,true,false,
inherits,fsevents.inherits,2.0.3,true,false,
ini,fsevents.ini,1.3.5,true,false,
is-fullwidth-code-point,fsevents.is-fullwidth-code-point,1.0.0,true,false,
isarray,fsevents.isarray,1.0.0,true,false,
minimatch,fsevents.minimatch,3.0.4,true,false,
minimist,fsevents.minimist,0.0.8,true,false,
minipass,fsevents.minipass,2.2.4,true,false,
minizlib,fsevents.minizlib,1.1.0,true,false,
mkdirp,fsevents.mkdirp,0.5.1,true,false,
ms,fsevents.ms,2.0.0,true,false,
needle,fsevents.needle,2.2.0,true,false,
node-pre-gyp,fsevents.node-pre-gyp,0.10.0,true,false,
nopt,fsevents.nopt,4.0.1,true,false,
npm-bundled,fsevents.npm-bundled,1.0.3,true,false,
npm-packlist,fsevents.npm-packlist,1.1.10,true,false,
npmlog,fsevents.npmlog,4.1.2,true,false,
number-is-nan,fsevents.number-is-nan,1.0.1,true,false,
object-assign,fsevents.object-assign,4.1.1,true,false,
once,fsevents.once,1.4.0,true,false,
os-homedir,fsevents.os-homedir,1.0.2,true,false,
os-tmpdir,fsevents.os-tmpdir,1.0.2,true,false,
osenv,fsevents.osenv,0.1.5,true,false,
path-is-absolute,fsevents.path-is-absolute,1.0.1,true,false,
process-nextick-args,fsevents.process-nextick-args,2.0.0,true,false,
rc,fsevents.rc,1.2.7,true,false,
minimist,rc.minimist,1.2.0,true,false,
readable-stream,fsevents.readable-stream,2.3.6,true,false,
rimraf,fsevents.rimraf,2.6.2,true,false,
safe-buffer,fsevents.safe-buffer,5.1.1,true,false,
safer-buffer,fsevents.safer-buffer,2.1.2,true,false,
sax,fsevents.sax,1.2.4,true,false,
semver,fsevents.semver,5.5.0,true,false,
set-blocking,fsevents.set-blocking,2.0.0,true,false,
signal-exit,fsevents.signal-exit,3.0.2,true,false,
string-width,fsevents.string-width,1.0.2,true,false,
string_decoder,fsevents.string_decoder,1.1.1,true,false,
strip-ansi,fsevents.strip-ansi,3.0.1,true,false,
strip-json-comments,fsevents.strip-json-comments,2.0.1,true,false,
tar,fsevents.tar,4.4.1,true,false,
util-deprecate,fsevents.util-deprecate,1.0.2,true,false,
wide-align,fsevents.wide-align,1.1.2,true,false,
wrappy,fsevents.wrappy,1.0.2,true,false,
yallist,fsevents.yallist,3.0.2,true,false,
fstream,,1.0.11,true,false,
function-bind,,1.1.1,true,false,
function.prototype.name,,1.1.0,true,false,
gauge,,2.7.4,true,false,
is-fullwidth-code-point,gauge.is-fullwidth-code-point,1.0.0,true,false,
string-width,gauge.string-width,1.0.2,true,false,
strip-ansi,gauge.strip-ansi,3.0.1,true,false,
gaze,,1.1.3,true,false,
get-caller-file,,1.0.3,true,false,
get-stdin,,4.0.1,true,false,
get-stream,,3.0.0,true,false,
get-value,,2.0.6,true,false,
getpass,,0.1.7,true,false,
gh-got,,6.0.0,true,false,
got,gh-got.got,7.1.0,true,false,
p-cancelable,gh-got.p-cancelable,0.3.0,true,false,
p-timeout,gh-got.p-timeout,1.2.1,true,false,
github-username,,4.1.0,true,false,
glob,,7.1.2,true,false,
glob-all,,3.1.0,true,false,
minimist,glob-all.minimist,0.1.0,true,false,
yargs,glob-all.yargs,1.2.6,true,false,
glob-base,,0.3.0,true,false,
glob-parent,,2.0.0,true,false,
glob-to-regexp,,0.3.0,true,false,
global,,4.3.2,false,false,
process,global.process,0.5.2,false,false,
global-modules,,1.0.0,true,false,
global-prefix,,1.0.2,true,false,
globals,,9.18.0,true,false,
globule,,1.2.1,true,false,
graceful-fs,,4.1.11,true,false,
grouped-queue,,0.3.3,true,false,
growly,,1.3.0,true,false,
handle-thing,,1.2.5,true,false,
handlebars,,4.0.11,true,false,
async,handlebars.async,1.5.2,true,false,
source-map,handlebars.source-map,0.4.4,true,false,
har-schema,,2.0.0,true,false,
har-validator,,5.0.3,true,false,
has,,1.0.3,true,false,
has-ansi,,2.0.0,true,false,
has-color,,0.1.7,true,false,
has-flag,,3.0.0,true,false,
has-symbol-support-x,,1.4.2,true,false,
has-symbols,,1.0.0,true,false,
has-to-string-tag-x,,1.4.1,true,false,
has-unicode,,2.0.1,true,false,
has-value,,1.0.0,true,false,
has-values,,1.0.0,true,false,
kind-of,has-values.kind-of,4.0.0,true,false,
hash-base,,3.0.4,true,false,
hash.js,,1.1.5,true,false,
hmac-drbg,,1.0.1,true,false,
hoist-non-react-statics,,2.5.5,false,false,
home-or-tmp,,2.0.0,true,false,
homedir-polyfill,,1.0.1,true,false,
hosted-git-info,,2.7.1,true,false,
hpack.js,,2.1.6,true,false,
html-encoding-sniffer,,1.0.2,true,false,
html-entities,,1.2.1,true,false,
html-parse-stringify2,,2.0.1,false,false,
htmlparser2,,3.9.2,true,false,
http-cache-semantics,,3.8.1,true,false,
http-deceiver,,1.2.7,true,false,
http-errors,,1.6.3,true,false,
http-parser-js,,0.4.13,true,false,
http-proxy,,1.17.0,true,false,
http-signature,,1.2.0,true,false,
https-browserify,,1.0.0,true,false,
i18next,,11.6.0,false,false,
iconv-lite,,0.4.23,false,false,
icss-replace-symbols,,1.1.0,true,false,
icss-utils,,2.1.0,true,false,
ieee754,,1.1.12,true,false,
iferr,,0.1.5,true,false,
ignore,,3.3.10,true,false,
immediate,,3.0.6,false,false,
immutable,,4.0.0-rc.9,false,false,
import-local,,1.0.0,true,false,
imurmurhash,,0.1.4,true,false,
in-publish,,2.0.0,true,false,
indent-string,,2.1.0,true,false,
indexof,,0.0.1,true,false,
inflight,,1.0.6,true,false,
inherits,,2.0.3,true,false,
ini,,1.3.5,true,false,
internal-ip,,1.2.0,true,false,
interpret,,1.1.0,true,false,
into-stream,,3.1.0,true,false,
invariant,,2.2.4,false,false,
invert-kv,,1.0.0,true,false,
ip,,1.1.5,true,false,
ipaddr.js,,1.8.0,true,false,
is-accessor-descriptor,,0.1.6,true,false,
kind-of,is-accessor-descriptor.kind-of,3.2.2,true,false,
is-arrayish,,0.3.2,true,false,
is-binary-path,,1.0.1,true,false,
is-buffer,,1.1.6,false,false,
is-builtin-module,,1.0.0,true,false,
is-callable,,1.1.4,true,false,
is-ci,,1.1.0,true,false,
is-data-descriptor,,0.1.4,true,false,
kind-of,is-data-descriptor.kind-of,3.2.2,true,false,
is-date-object,,1.0.1,true,false,
is-descriptor,,0.1.6,true,false,
kind-of,is-descriptor.kind-of,5.1.0,true,false,
is-dotfile,,1.0.3,true,false,
is-equal-shallow,,0.1.3,true,false,
is-extendable,,0.1.1,true,false,
is-extglob,,1.0.0,true,false,
is-finite,,1.0.2,true,false,
is-fullwidth-code-point,,2.0.0,true,false,
is-generator-fn,,1.0.0,true,false,
is-glob,,2.0.1,true,false,
is-lite,,0.2.0,false,false,
is-number,,3.0.0,true,false,
kind-of,is-number.kind-of,3.2.2,true,false,
is-object,,1.0.1,true,false,
is-observable,,0.2.0,true,false,
symbol-observable,is-observable.symbol-observable,0.2.4,true,false,
is-path-cwd,,1.0.0,true,false,
is-path-in-cwd,,1.0.1,true,false,
is-path-inside,,1.0.1,true,false,
is-plain-obj,,1.1.0,true,false,
is-plain-object,,2.0.4,true,false,
is-posix-bracket,,0.1.1,true,false,
is-primitive,,2.0.0,true,false,
is-promise,,2.1.0,true,false,
is-regex,,1.0.4,true,false,
is-retry-allowed,,1.1.0,true,false,
is-scoped,,1.0.0,true,false,
is-stream,,1.1.0,false,false,
is-subset,,0.1.1,true,false,
is-symbol,,1.0.1,true,false,
is-typedarray,,1.0.0,true,false,
is-utf8,,0.2.1,true,false,
is-windows,,1.0.2,true,false,
is-wsl,,1.1.0,true,false,
isarray,,1.0.0,true,false,
isbinaryfile,,3.0.3,true,false,
isexe,,2.0.0,true,false,
isobject,,3.0.1,true,false,
isomorphic-fetch,,2.2.1,false,false,
isomorphic-tough-cookie,,0.0.1,false,false,
isomorphic-xml2js,,0.1.3,false,false,
isstream,,0.1.2,true,false,
istanbul-api,,1.3.1,true,false,
istanbul-lib-coverage,,1.2.0,true,false,
istanbul-lib-hook,,1.2.1,true,false,
istanbul-lib-instrument,,1.10.1,true,false,
istanbul-lib-report,,1.1.4,true,false,
has-flag,istanbul-lib-report.has-flag,1.0.0,true,false,
supports-color,istanbul-lib-report.supports-color,3.2.3,true,false,
istanbul-lib-source-maps,,1.2.5,true,false,
source-map,istanbul-lib-source-maps.source-map,0.5.7,true,false,
istanbul-reports,,1.3.0,true,false,
istextorbinary,,2.2.1,true,false,
isurl,,1.0.0,true,false,
jest,,23.6.0,true,false,
arr-diff,jest.arr-diff,2.0.0,true,false,
array-unique,jest.array-unique,0.2.1,true,false,
braces,jest.braces,1.8.5,true,false,
expand-brackets,jest.expand-brackets,0.1.5,true,false,
extglob,jest.extglob,0.3.2,true,false,
jest-cli,jest.jest-cli,23.6.0,true,false,
kind-of,jest.kind-of,3.2.2,true,false,
micromatch,jest.micromatch,2.3.11,true,false,
jest-changed-files,,23.4.2,true,false,
jest-config,,23.6.0,true,false,
arr-diff,jest-config.arr-diff,2.0.0,true,false,
array-unique,jest-config.array-unique,0.2.1,true,false,
braces,jest-config.braces,1.8.5,true,false,
expand-brackets,jest-config.expand-brackets,0.1.5,true,false,
extglob,jest-config.extglob,0.3.2,true,false,
kind-of,jest-config.kind-of,3.2.2,true,false,
micromatch,jest-config.micromatch,2.3.11,true,false,
jest-diff,,23.6.0,true,false,
jest-docblock,,23.2.0,true,false,
jest-each,,23.6.0,true,false,
jest-environment-jsdom,,23.4.0,true,false,
jest-environment-node,,23.4.0,true,false,
jest-get-type,,22.4.3,true,false,
jest-haste-map,,23.6.0,true,false,
arr-diff,jest-haste-map.arr-diff,2.0.0,true,false,
array-unique,jest-haste-map.array-unique,0.2.1,true,false,
braces,jest-haste-map.braces,1.8.5,true,false,
expand-brackets,jest-haste-map.expand-brackets,0.1.5,true,false,
extglob,jest-haste-map.extglob,0.3.2,true,false,
kind-of,jest-haste-map.kind-of,3.2.2,true,false,
micromatch,jest-haste-map.micromatch,2.3.11,true,false,
jest-jasmine2,,23.6.0,true,false,
jest-leak-detector,,23.6.0,true,false,
jest-matcher-utils,,23.6.0,true,false,
jest-message-util,,23.4.0,true,false,
arr-diff,jest-message-util.arr-diff,2.0.0,true,false,
array-unique,jest-message-util.array-unique,0.2.1,true,false,
braces,jest-message-util.braces,1.8.5,true,false,
expand-brackets,jest-message-util.expand-brackets,0.1.5,true,false,
extglob,jest-message-util.extglob,0.3.2,true,false,
kind-of,jest-message-util.kind-of,3.2.2,true,false,
micromatch,jest-message-util.micromatch,2.3.11,true,false,
jest-mock,,23.2.0,true,false,
jest-plugin-context,,2.9.0,true,false,
jest-regex-util,,23.3.0,true,false,
jest-resolve,,23.6.0,true,false,
jest-resolve-dependencies,,23.6.0,true,false,
jest-runner,,23.6.0,true,false,
jest-runtime,,23.6.0,true,false,
arr-diff,jest-runtime.arr-diff,2.0.0,true,false,
array-unique,jest-runtime.array-unique,0.2.1,true,false,
braces,jest-runtime.braces,1.8.5,true,false,
expand-brackets,jest-runtime.expand-brackets,0.1.5,true,false,
extglob,jest-runtime.extglob,0.3.2,true,false,
kind-of,jest-runtime.kind-of,3.2.2,true,false,
micromatch,jest-runtime.micromatch,2.3.11,true,false,
jest-serializer,,23.0.1,true,false,
jest-snapshot,,23.6.0,true,false,
jest-trx-results-processor,,0.0.5,true,false,
uuid,jest-trx-results-processor.uuid,2.0.3,true,false,
xmlbuilder,jest-trx-results-processor.xmlbuilder,8.2.2,true,false,
jest-util,,23.4.0,true,false,
jest-validate,,23.6.0,true,false,
jest-watcher,,23.4.0,true,false,
jest-worker,,23.2.0,true,false,
js-base64,,2.4.8,true,false,
js-tokens,,4.0.0,false,false,
js-yaml,,3.12.0,true,false,
jsbn,,0.1.1,true,false,
jscodeshift,,0.5.1,true,false,
ansi-styles,jscodeshift.ansi-styles,1.0.0,true,false,
arr-diff,jscodeshift.arr-diff,2.0.0,true,false,
array-unique,jscodeshift.array-unique,0.2.1,true,false,
babylon,jscodeshift.babylon,7.0.0-beta.47,true,false,
braces,jscodeshift.braces,1.8.5,true,false,
chalk,jscodeshift.chalk,0.4.0,true,false,
expand-brackets,jscodeshift.expand-brackets,0.1.5,true,false,
extglob,jscodeshift.extglob,0.3.2,true,false,
kind-of,jscodeshift.kind-of,3.2.2,true,false,
micromatch,jscodeshift.micromatch,2.3.11,true,false,
nomnom,jscodeshift.nomnom,1.8.1,true,false,
strip-ansi,jscodeshift.strip-ansi,0.1.1,true,false,
underscore,jscodeshift.underscore,1.6.0,true,false,
write-file-atomic,jscodeshift.write-file-atomic,1.3.4,true,false,
jsdom,,11.12.0,true,false,
acorn,jsdom.acorn,5.7.3,true,false,
parse5,jsdom.parse5,4.0.0,true,false,
jsesc,,1.3.0,true,false,
json-buffer,,3.0.0,true,false,
json-parse-better-errors,,1.0.2,true,false,
json-schema,,0.2.3,true,false,
json-schema-traverse,,0.3.1,true,false,
json-stringify-safe,,5.0.1,true,false,
json3,,3.3.2,true,false,
json5,,0.5.1,true,false,
jsprim,,1.4.1,true,false,
keyv,,3.0.0,true,false,
killable,,1.0.0,true,false,
kind-of,,6.0.2,true,false,
kleur,,2.0.2,true,false,
kuler,,1.0.0,true,false,
lazy-cache,,1.0.4,true,false,
lcid,,1.0.0,true,false,
left-pad,,1.3.0,true,false,
leven,,2.1.0,true,false,
levn,,0.3.0,true,false,
lie,,3.1.1,false,false,
listr,,0.13.0,true,false,
ansi-styles,listr.ansi-styles,2.2.1,true,false,
chalk,listr.chalk,1.1.3,true,false,
figures,listr.figures,1.7.0,true,false,
log-symbols,listr.log-symbols,1.0.2,true,false,
strip-ansi,listr.strip-ansi,3.0.1,true,false,
supports-color,listr.supports-color,2.0.0,true,false,
listr-silent-renderer,,1.1.1,true,false,
listr-update-renderer,,0.4.0,true,false,
ansi-styles,listr-update-renderer.ansi-styles,2.2.1,true,false,
chalk,listr-update-renderer.chalk,1.1.3,true,false,
figures,listr-update-renderer.figures,1.7.0,true,false,
indent-string,listr-update-renderer.indent-string,3.2.0,true,false,
log-symbols,listr-update-renderer.log-symbols,1.0.2,true,false,
strip-ansi,listr-update-renderer.strip-ansi,3.0.1,true,false,
supports-color,listr-update-renderer.supports-color,2.0.0,true,false,
listr-verbose-renderer,,0.4.1,true,false,
ansi-styles,listr-verbose-renderer.ansi-styles,2.2.1,true,false,
chalk,listr-verbose-renderer.chalk,1.1.3,true,false,
cli-cursor,listr-verbose-renderer.cli-cursor,1.0.2,true,false,
figures,listr-verbose-renderer.figures,1.7.0,true,false,
onetime,listr-verbose-renderer.onetime,1.1.0,true,false,
restore-cursor,listr-verbose-renderer.restore-cursor,1.0.1,true,false,
strip-ansi,listr-verbose-renderer.strip-ansi,3.0.1,true,false,
supports-color,listr-verbose-renderer.supports-color,2.0.0,true,false,
load-json-file,,1.1.0,true,false,
strip-bom,load-json-file.strip-bom,2.0.0,true,false,
loader-runner,,2.3.0,true,false,
loader-utils,,1.1.0,true,false,
localforage,,1.7.2,false,false,
locate-path,,2.0.0,true,false,
lodash,,4.17.10,false,false,
lodash-es,,4.17.10,false,false,
lodash.assign,,4.2.0,true,false,
lodash.camelcase,,4.3.0,true,false,
lodash.clonedeep,,4.5.0,true,false,
lodash.debounce,,4.0.8,true,false,
lodash.flattendeep,,4.4.0,true,false,
lodash.mergewith,,4.6.1,true,false,
lodash.sortby,,4.7.0,true,false,
lodash.tail,,4.1.1,true,false,
log-symbols,,2.2.0,true,false,
log-update,,1.0.2,true,false,
ansi-escapes,log-update.ansi-escapes,1.4.0,true,false,
cli-cursor,log-update.cli-cursor,1.0.2,true,false,
onetime,log-update.onetime,1.1.0,true,false,
restore-cursor,log-update.restore-cursor,1.0.1,true,false,
logform,,1.9.1,true,false,
ms,logform.ms,2.1.1,true,false,
loglevel,,1.6.1,true,false,
loglevelnext,,1.0.5,true,false,
longest,,1.0.1,true,false,
loose-envify,,1.4.0,false,false,
loud-rejection,,1.6.0,true,false,
lowercase-keys,,1.0.1,true,false,
lru-cache,,4.1.3,true,false,
make-dir,,1.3.0,true,false,
pify,make-dir.pify,3.0.0,true,false,
make-error,,1.3.5,true,false,
makeerror,,1.0.11,true,false,
map-cache,,0.2.2,true,false,
map-obj,,1.0.1,true,false,
map-visit,,1.0.0,true,false,
math-random,,1.0.1,true,false,
md5.js,,1.3.4,true,false,
media-typer,,0.3.0,true,false,
mem,,1.1.0,true,false,
mem-fs,,1.1.3,true,false,
mem-fs-editor,,4.0.3,true,false,
clone,mem-fs-editor.clone,2.1.2,true,false,
clone-stats,mem-fs-editor.clone-stats,1.0.0,true,false,
globby,mem-fs-editor.globby,7.1.1,true,false,
pify,mem-fs-editor.pify,3.0.0,true,false,
replace-ext,mem-fs-editor.replace-ext,1.0.0,true,false,
vinyl,mem-fs-editor.vinyl,2.2.0,true,false,
memory-fs,,0.4.1,true,false,
meow,,3.7.0,true,false,
minimist,meow.minimist,1.2.0,true,false,
merge,,1.2.0,true,false,
merge-descriptors,,1.0.1,true,false,
merge-stream,,1.0.1,true,false,
merge2,,1.2.2,true,false,
methods,,1.1.2,true,false,
micromatch,,3.1.10,true,false,
microsoft-azure-devices-iothub-controlplane20180401,,2.0.0,false,false,
microsoft-azure-devices-provisioning-controlplane20180122,,2.0.0,false,false,
miller-rabin,,4.0.1,true,false,
mime-db,,1.35.0,false,false,
mime-types,,2.1.19,false,false,
mimic-fn,,1.2.0,true,false,
mimic-response,,1.0.1,true,false,
min-document,,2.19.0,false,false,
minimalistic-assert,,1.0.1,true,false,
minimalistic-crypto-utils,,1.0.1,true,false,
minimatch,,3.0.4,true,false,
minimist,,0.0.8,true,false,
mississippi,,2.0.0,true,false,
mixin-deep,,1.3.1,true,false,
is-extendable,mixin-deep.is-extendable,1.0.1,true,false,
mixin-object,,2.0.1,true,false,
for-in,mixin-object.for-in,0.1.8,true,false,
mkdirp,,0.5.1,true,false,
moo,,0.4.3,true,false,
move-concurrently,,1.0.1,true,false,
ms,,2.0.0,false,false,
ms-rest-azure-js,,0.8.82,false,false,
ms-rest-js,,0.12.293,false,false,
@types/node,ms-rest-js.@types/node,9.6.26,false,false,
multicast-dns,,6.2.3,true,false,
multicast-dns-service-types,,1.1.0,true,false,
multimatch,,2.1.0,true,false,
mute-stream,,0.0.7,true,false,
nan,,2.11.1,true,false,
nanomatch,,1.2.13,true,false,
natural-compare,,1.4.0,true,false,
nearley,,2.15.1,true,false,
negotiator,,0.6.1,true,false,
neo-async,,2.5.1,true,false,
nested-property,,0.0.7,false,false,
next-tick,,1.0.0,true,false,
nice-try,,1.0.4,true,false,
node-dir,,0.1.8,true,false,
node-fetch,,1.7.3,false,false,
node-forge,,0.7.5,true,false,
node-gyp,,3.8.0,true,false,
semver,node-gyp.semver,5.3.0,true,false,
node-int64,,0.4.0,true,false,
node-libs-browser,,2.1.0,true,false,
node-notifier,,5.2.1,true,false,
node-sass,,4.9.3,true,false,
ansi-styles,node-sass.ansi-styles,2.2.1,true,false,
chalk,node-sass.chalk,1.1.3,true,false,
cross-spawn,node-sass.cross-spawn,3.0.1,true,false,
strip-ansi,node-sass.strip-ansi,3.0.1,true,false,
supports-color,node-sass.supports-color,2.0.0,true,false,
nomnom,,1.6.2,true,false,
colors,nomnom.colors,0.5.1,true,false,
nopt,,3.0.6,true,false,
normalize-package-data,,2.4.0,true,false,
normalize-path,,2.1.1,true,false,
npm-run-path,,2.0.2,true,false,
npmlog,,4.1.2,true,false,
nth-check,,1.0.1,true,false,
number-is-nan,,1.0.1,true,false,
nwsapi,,2.0.8,true,false,
oauth-sign,,0.8.2,true,false,
object-assign,,4.1.1,false,false,
object-copy,,0.1.0,true,false,
define-property,object-copy.define-property,0.2.5,true,false,
kind-of,object-copy.kind-of,3.2.2,true,false,
object-is,,1.0.1,true,false,
object-keys,,1.0.12,true,false,
object-visit,,1.0.1,true,false,
object.assign,,4.1.0,true,false,
object.entries,,1.0.4,true,false,
object.getownpropertydescriptors,,2.0.3,true,false,
object.omit,,2.0.1,true,false,
object.pick,,1.3.0,true,false,
object.values,,1.0.4,true,false,
obuf,,1.1.2,true,false,
office-ui-fabric-react,,6.38.2,false,false,
on-finished,,2.3.0,true,false,
on-headers,,1.0.1,true,false,
once,,1.4.0,true,false,
one-time,,0.0.4,true,false,
onetime,,2.0.1,true,false,
opener,,1.5.0,true,false,
opn,,5.1.0,true,false,
optimist,,0.6.1,true,false,
optionator,,0.8.2,true,false,
wordwrap,optionator.wordwrap,1.0.0,true,false,
ora,,0.2.3,true,false,
ansi-styles,ora.ansi-styles,2.2.1,true,false,
chalk,ora.chalk,1.1.3,true,false,
cli-cursor,ora.cli-cursor,1.0.2,true,false,
onetime,ora.onetime,1.1.0,true,false,
restore-cursor,ora.restore-cursor,1.0.1,true,false,
strip-ansi,ora.strip-ansi,3.0.1,true,false,
supports-color,ora.supports-color,2.0.0,true,false,
original,,1.0.2,true,false,
os-browserify,,0.3.0,true,false,
os-homedir,,1.0.2,true,false,
os-locale,,2.1.0,true,false,
os-tmpdir,,1.0.2,true,false,
osenv,,0.1.5,true,false,
p-cancelable,,0.4.1,true,false,
p-each-series,,1.0.0,true,false,
p-finally,,1.0.0,true,false,
p-is-promise,,1.1.0,true,false,
p-lazy,,1.0.0,true,false,
p-limit,,1.3.0,true,false,
p-locate,,2.0.0,true,false,
p-map,,1.2.0,true,false,
p-reduce,,1.0.0,true,false,
p-timeout,,2.0.1,true,false,
p-try,,1.0.0,true,false,
pako,,1.0.6,true,false,
parallel-transform,,1.1.0,true,false,
parse-asn1,,5.1.1,true,false,
parse-glob,,3.0.4,true,false,
parse-json,,2.2.0,true,false,
parse-passwd,,1.0.0,true,false,
parse5,,3.0.3,true,false,
parseurl,,1.3.2,true,false,
pascalcase,,0.1.1,true,false,
path-browserify,,0.0.0,true,false,
path-dirname,,1.0.2,true,false,
path-exists,,3.0.0,true,false,
path-is-absolute,,1.0.1,true,false,
path-is-inside,,1.0.2,true,false,
path-key,,2.0.1,true,false,
path-parse,,1.0.6,true,false,
path-type,,1.1.0,true,false,
pbkdf2,,3.0.16,true,false,
performance-now,,2.1.0,true,false,
pify,,2.3.0,true,false,
pinkie,,2.0.4,true,false,
pinkie-promise,,2.0.1,true,false,
pkg-dir,,2.0.0,true,false,
pn,,1.1.0,true,false,
popper.js,,1.14.4,false,false,
portfinder,,1.0.16,true,false,
async,portfinder.async,1.5.2,true,false,
debug,portfinder.debug,2.6.9,true,false,
posix-character-classes,,0.1.1,true,false,
postcss,,6.0.23,true,false,
postcss-modules-extract-imports,,1.2.0,true,false,
postcss-modules-local-by-default,,1.2.0,true,false,
postcss-modules-scope,,1.1.0,true,false,
postcss-modules-values,,1.3.0,true,false,
postcss-value-parser,,3.3.0,true,false,
prelude-ls,,1.1.2,true,false,
prepend-http,,1.0.4,true,false,
preserve,,0.2.0,true,false,
prettier,,1.14.2,true,false,
pretty-bytes,,4.0.2,true,false,
pretty-format,,23.6.0,true,false,
ansi-regex,pretty-format.ansi-regex,3.0.0,true,false,
private,,0.1.8,true,false,
process,,0.11.10,true,false,
process-nextick-args,,2.0.0,true,false,
promise,,7.3.1,false,false,
promise-inflight,,1.0.1,true,false,
prompts,,0.1.14,true,false,
prop-types,,15.6.2,false,false,
proxy-addr,,2.0.4,true,false,
prr,,1.0.1,true,false,
pseudomap,,1.0.2,true,false,
psl,,1.1.29,false,false,
public-encrypt,,4.0.2,true,false,
pump,,2.0.1,true,false,
pumpify,,1.5.1,true,false,
punycode,,1.4.1,false,false,
qs,,6.5.2,true,false,
querystring,,0.2.0,true,false,
querystring-es3,,0.2.1,true,false,
querystringify,,2.0.0,true,false,
raf,,3.4.0,true,false,
rafl,,1.2.2,false,false,
railroad-diagrams,,1.0.0,true,false,
randexp,,0.4.6,true,false,
randomatic,,3.1.0,true,false,
is-number,randomatic.is-number,4.0.0,true,false,
randombytes,,2.0.6,true,false,
randomfill,,1.0.4,true,false,
range-parser,,1.2.0,true,false,
raw-body,,2.3.2,true,false,
depd,raw-body.depd,1.1.1,true,false,
http-errors,raw-body.http-errors,1.6.2,true,false,
iconv-lite,raw-body.iconv-lite,0.4.19,true,false,
setprototypeof,raw-body.setprototypeof,1.0.3,true,false,
react,,16.4.2,false,false,
react-dnd,,5.0.0,false,false,
react-dnd-html5-backend,,5.0.1,false,false,
react-dom,,16.4.2,false,false,
react-floater,,0.5.5,false,false,
react-i18next,,7.10.1,false,false,
react-is,,16.4.2,true,false,
react-joyride,,2.0.0-14,false,false,
deep-diff,react-joyride.deep-diff,1.0.2,false,false,
react-lifecycles-compat,,3.0.4,false,false,
react-proptype-conditional-require,,1.0.4,false,false,
react-redux,,5.0.7,false,false,
react-test-renderer,,16.4.2,true,false,
read-chunk,,2.1.0,true,false,
pify,read-chunk.pify,3.0.0,true,false,
read-pkg,,1.1.0,true,false,
read-pkg-up,,1.0.1,true,false,
find-up,read-pkg-up.find-up,1.1.2,true,false,
path-exists,read-pkg-up.path-exists,2.1.0,true,false,
readable-stream,,2.3.6,true,false,
readdirp,,2.1.0,true,false,
realpath-native,,1.0.1,true,false,
recast,,0.15.3,true,false,
rechoir,,0.6.2,true,false,
recompose,,0.27.1,false,false,
redent,,1.0.0,true,false,
redux,,4.0.0,false,false,
redux-devtools-extension,,2.13.5,true,false,
redux-logger,,3.0.6,false,false,
redux-saga,,0.16.0,false,false,
regenerate,,1.4.0,true,false,
regenerator-runtime,,0.10.5,false,false,
regenerator-transform,,0.10.1,true,false,
regex-cache,,0.4.4,true,false,
regex-not,,1.0.2,true,false,
regexpu-core,,2.0.0,true,false,
regjsgen,,0.2.0,true,false,
regjsparser,,0.1.5,true,false,
jsesc,regjsparser.jsesc,0.5.0,true,false,
remove-trailing-separator,,1.1.0,true,false,
repeat-element,,1.1.2,true,false,
repeat-string,,1.6.1,true,false,
repeating,,2.0.1,true,false,
replace-ext,,0.0.1,true,false,
request,,2.87.0,true,false,
tough-cookie,request.tough-cookie,2.3.4,true,false,
request-promise-core,,1.1.1,true,false,
request-promise-native,,1.0.5,true,false,
require-directory,,2.1.1,true,false,
require-main-filename,,1.0.1,true,false,
requires-port,,1.0.0,true,false,
reselect,,3.0.1,false,false,
resolve,,1.1.7,true,false,
resolve-cwd,,2.0.0,true,false,
resolve-dir,,1.0.1,true,false,
resolve-from,,3.0.0,true,false,
resolve-url,,0.2.1,true,false,
responselike,,1.0.2,true,false,
restore-cursor,,2.0.0,true,false,
ret,,0.1.15,true,false,
right-align,,0.1.3,true,false,
rimraf,,2.6.2,true,false,
ripemd160,,2.0.2,true,false,
rst-selector-parser,,2.2.3,true,false,
rsvp,,3.6.2,true,false,
run-async,,2.3.0,true,false,
run-queue,,1.0.3,true,false,
rxjs,,5.5.11,true,false,
symbol-observable,rxjs.symbol-observable,1.0.1,true,false,
safe-buffer,,5.1.2,true,false,
safe-regex,,1.1.0,true,false,
safer-buffer,,2.1.2,false,false,
sane,,2.5.2,true,false,
minimist,sane.minimist,1.2.0,true,false,
sass-graph,,2.2.4,true,false,
camelcase,sass-graph.camelcase,3.0.0,true,false,
cliui,sass-graph.cliui,3.2.0,true,false,
is-fullwidth-code-point,sass-graph.is-fullwidth-code-point,1.0.0,true,false,
os-locale,sass-graph.os-locale,1.4.0,true,false,
string-width,sass-graph.string-width,1.0.2,true,false,
strip-ansi,sass-graph.strip-ansi,3.0.1,true,false,
which-module,sass-graph.which-module,1.0.0,true,false,
yargs,sass-graph.yargs,7.1.0,true,false,
yargs-parser,sass-graph.yargs-parser,5.0.0,true,false,
sass-loader,,6.0.7,true,false,
pify,sass-loader.pify,3.0.0,true,false,
sax,,1.2.4,false,false,
scoped-regex,,1.0.0,true,false,
scroll,,2.0.3,false,false,
scroll-doc,,0.2.1,false,false,
scrollparent,,2.0.1,false,false,
scss-tokenizer,,0.2.3,true,false,
source-map,scss-tokenizer.source-map,0.4.4,true,false,
select-hose,,2.0.0,true,false,
selfsigned,,1.10.3,true,false,
semver,,5.5.0,true,false,
send,,0.16.2,true,false,
debug,send.debug,2.6.9,true,false,
mime,send.mime,1.4.1,true,false,
serialize-javascript,,1.5.0,true,false,
serve-index,,1.9.1,true,false,
debug,serve-index.debug,2.6.9,true,false,
serve-static,,1.13.2,true,false,
set-blocking,,2.0.0,true,false,
set-immediate-shim,,1.0.1,true,false,
set-value,,2.0.0,true,false,
extend-shallow,set-value.extend-shallow,2.0.1,true,false,
setimmediate,,1.0.5,false,false,
setprototypeof,,1.1.0,true,false,
sha.js,,2.4.11,true,false,
shallow-clone,,1.0.0,true,false,
kind-of,shallow-clone.kind-of,5.1.0,true,false,
shallowequal,,1.1.0,false,false,
shebang-command,,1.2.0,true,false,
shebang-regex,,1.0.0,true,false,
shelljs,,0.8.2,true,false,
shellwords,,0.1.1,true,false,
signal-exit,,3.0.2,true,false,
simple-swizzle,,0.2.2,true,false,
sisteransi,,0.1.1,true,false,
slash,,1.0.0,true,false,
slice-ansi,,0.0.4,true,false,
slide,,1.1.6,true,false,
snapdragon,,0.8.2,true,false,
debug,snapdragon.debug,2.6.9,true,false,
define-property,snapdragon.define-property,0.2.5,true,false,
extend-shallow,snapdragon.extend-shallow,2.0.1,true,false,
source-map,snapdragon.source-map,0.5.7,true,false,
snapdragon-node,,2.1.1,true,false,
define-property,snapdragon-node.define-property,1.0.0,true,false,
is-accessor-descriptor,snapdragon-node.is-accessor-descriptor,1.0.0,true,false,
is-data-descriptor,snapdragon-node.is-data-descriptor,1.0.0,true,false,
is-descriptor,snapdragon-node.is-descriptor,1.0.2,true,false,
snapdragon-util,,3.0.1,true,false,
kind-of,snapdragon-util.kind-of,3.2.2,true,false,
sockjs-client,,1.1.4,true,false,
debug,sockjs-client.debug,2.6.9,true,false,
source-list-map,,2.0.0,true,false,
source-map,,0.6.1,true,false,
source-map-loader,,0.2.3,true,false,
loader-utils,source-map-loader.loader-utils,0.2.17,true,false,
source-map-resolve,,0.5.2,true,false,
source-map-support,,0.5.8,true,false,
source-map-url,,0.4.0,true,false,
spdx-correct,,3.0.0,true,false,
spdx-exceptions,,2.1.0,true,false,
spdx-expression-parse,,3.0.0,true,false,
spdx-license-ids,,3.0.0,true,false,
spdy,,3.4.7,true,false,
debug,spdy.debug,2.6.9,true,false,
spdy-transport,,2.1.0,true,false,
debug,spdy-transport.debug,2.6.9,true,false,
split-string,,3.1.0,true,false,
sprintf-js,,1.0.3,true,false,
sshpk,,1.14.2,true,false,
ssri,,5.3.0,true,false,
stack-trace,,0.0.10,true,false,
stack-utils,,1.0.1,true,false,
static-extend,,0.1.2,true,false,
define-property,static-extend.define-property,0.2.5,true,false,
statuses,,1.4.0,true,false,
stdout-stream,,1.4.1,true,false,
stealthy-require,,1.1.1,true,false,
stream-browserify,,2.0.1,true,false,
stream-each,,1.2.3,true,false,
stream-http,,2.8.3,true,false,
stream-shift,,1.0.0,true,false,
stream-to-observable,,0.2.0,true,false,
strict-uri-encode,,1.1.0,true,false,
string-length,,2.0.0,true,false,
string-template,,0.2.1,true,false,
string-width,,2.1.1,true,false,
string_decoder,,1.1.1,true,false,
strip-ansi,,4.0.0,true,false,
ansi-regex,strip-ansi.ansi-regex,3.0.0,true,false,
strip-bom,,3.0.0,true,false,
strip-bom-stream,,2.0.0,true,false,
strip-bom,strip-bom-stream.strip-bom,2.0.0,true,false,
strip-eof,,1.0.0,true,false,
strip-indent,,1.0.1,true,false,
style-loader,,0.20.3,true,false,
ajv,style-loader.ajv,6.5.2,true,false,
fast-deep-equal,style-loader.fast-deep-equal,2.0.1,true,false,
json-schema-traverse,style-loader.json-schema-traverse,0.4.1,true,false,
schema-utils,style-loader.schema-utils,0.4.7,true,false,
supports-color,,5.4.0,true,false,
symbol-observable,,1.2.0,false,false,
symbol-tree,,3.2.2,true,false,
tapable,,1.0.0,true,false,
tar,,2.2.1,true,false,
temp,,0.8.3,true,false,
rimraf,temp.rimraf,2.2.8,true,false,
test-exclude,,4.2.1,true,false,
text-hex,,1.0.0,true,false,
text-table,,0.2.0,true,false,
textextensions,,2.2.0,true,false,
throat,,4.1.0,true,false,
through,,2.3.8,true,false,
through2,,2.0.3,true,false,
thunky,,1.0.2,true,false,
timed-out,,4.0.1,true,false,
timers-browserify,,2.0.10,true,false,
tmp,,0.0.33,true,false,
tmpl,,1.0.4,true,false,
to-arraybuffer,,1.0.1,true,false,
to-fast-properties,,1.0.3,true,false,
to-object-path,,0.3.0,true,false,
kind-of,to-object-path.kind-of,3.2.2,true,false,
to-regex,,3.0.2,true,false,
to-regex-range,,2.1.1,true,false,
tough-cookie,,2.4.3,false,false,
tr46,,1.0.1,true,false,
punycode,tr46.punycode,2.1.1,true,false,
tree-changes,,0.3.2,false,false,
trim-newlines,,1.0.0,true,false,
trim-right,,1.0.1,true,false,
triple-beam,,1.3.0,true,false,
true-case-path,,1.0.3,true,false,
tryer,,1.0.1,true,false,
ts-jest,,23.10.4,true,false,
camelcase,ts-jest.camelcase,4.1.0,true,false,
json5,ts-jest.json5,2.1.0,true,false,
minimist,ts-jest.minimist,1.2.0,true,false,
yargs-parser,ts-jest.yargs-parser,10.1.0,true,false,
tslib,,1.9.3,false,false,
tslint,,5.11.0,true,false,
resolve,tslint.resolve,1.8.1,true,false,
tslint-loader,,3.6.0,true,false,
tslint-origin-ordered-imports-rule,,1.1.2,true,false,
tslint-react,,3.6.0,true,false,
tsutils,,2.29.0,true,false,
tty-browserify,,0.0.0,true,false,
tunnel-agent,,0.6.0,true,false,
tweetnacl,,0.14.5,true,false,
type-check,,0.3.2,true,false,
type-is,,1.6.16,true,false,
typedarray,,0.0.6,true,false,
typescript,,2.9.2,true,false,
typescript-fsa,,3.0.0-beta-2,false,false,
typescript-fsa-reducers,,0.4.5,false,false,
typescript-fsa,typescript-fsa-reducers.typescript-fsa,2.5.0,false,false,
ua-parser-js,,0.7.18,false,false,
uglify-js,,2.8.29,true,false,
source-map,uglify-js.source-map,0.5.7,true,false,
yargs,uglify-js.yargs,3.10.0,true,false,
uglify-to-browserify,,1.0.2,true,false,
uglifyjs-webpack-plugin,,1.2.7,true,false,
ajv,uglifyjs-webpack-plugin.ajv,6.5.2,true,false,
commander,uglifyjs-webpack-plugin.commander,2.13.0,true,false,
fast-deep-equal,uglifyjs-webpack-plugin.fast-deep-equal,2.0.1,true,false,
json-schema-traverse,uglifyjs-webpack-plugin.json-schema-traverse,0.4.1,true,false,
schema-utils,uglifyjs-webpack-plugin.schema-utils,0.4.7,true,false,
uglify-es,uglifyjs-webpack-plugin.uglify-es,3.3.9,true,false,
underscore,,1.4.4,true,false,
union-value,,1.0.0,true,false,
extend-shallow,union-value.extend-shallow,2.0.1,true,false,
set-value,union-value.set-value,0.4.3,true,false,
unique-filename,,1.1.0,true,false,
unique-slug,,2.0.0,true,false,
unpipe,,1.0.0,true,false,
unset-value,,1.0.0,true,false,
has-value,unset-value.has-value,0.3.1,true,false,
isobject,has-value.isobject,2.1.0,true,false,
has-values,unset-value.has-values,0.1.4,true,false,
untildify,,3.0.3,true,false,
upath,,1.1.0,true,false,
uri-js,,4.2.2,true,false,
punycode,uri-js.punycode,2.1.1,true,false,
urix,,0.1.0,true,false,
url,,0.11.0,true,false,
punycode,url.punycode,1.3.2,true,false,
url-join,,4.0.0,true,false,
url-parse,,1.4.3,true,false,
url-parse-lax,,1.0.0,true,false,
url-to-options,,1.0.1,true,false,
use,,3.1.1,true,false,
util,,0.10.4,true,false,
util-deprecate,,1.0.2,true,false,
util.promisify,,1.0.0,true,false,
utils-merge,,1.0.1,true,false,
uuid,,3.3.2,false,false,
v8-compile-cache,,1.1.2,true,false,
validate-npm-package-license,,3.0.4,true,false,
vary,,1.1.2,true,false,
verror,,1.10.0,true,false,
vinyl,,1.2.0,true,false,
vinyl-file,,2.0.0,true,false,
strip-bom,vinyl-file.strip-bom,2.0.0,true,false,
vm-browserify,,0.0.4,true,false,
void-elements,,2.0.1,false,false,
w3c-hr-time,,1.0.1,true,false,
walker,,1.0.7,true,false,
watch,,0.18.0,true,false,
minimist,watch.minimist,1.2.0,true,false,
watchpack,,1.6.0,true,false,
chokidar,watchpack.chokidar,2.0.4,true,false,
glob-parent,watchpack.glob-parent,3.1.0,true,false,
is-glob,glob-parent.is-glob,3.1.0,true,false,
is-extglob,watchpack.is-extglob,2.1.1,true,false,
is-glob,watchpack.is-glob,4.0.0,true,false,
wbuf,,1.7.3,true,false,
webidl-conversions,,4.0.2,true,false,
webpack,,4.5.0,true,false,
acorn,webpack.acorn,5.7.3,true,false,
acorn-dynamic-import,webpack.acorn-dynamic-import,3.0.0,true,false,
ajv,webpack.ajv,6.5.2,true,false,
fast-deep-equal,webpack.fast-deep-equal,2.0.1,true,false,
json-schema-traverse,webpack.json-schema-traverse,0.4.1,true,false,
schema-utils,webpack.schema-utils,0.4.7,true,false,
webpack-addons,,1.1.5,true,false,
ansi-styles,webpack-addons.ansi-styles,1.0.0,true,false,
arr-diff,webpack-addons.arr-diff,2.0.0,true,false,
array-unique,webpack-addons.array-unique,0.2.1,true,false,
ast-types,webpack-addons.ast-types,0.10.1,true,false,
async,webpack-addons.async,1.5.2,true,false,
braces,webpack-addons.braces,1.8.5,true,false,
chalk,webpack-addons.chalk,0.4.0,true,false,
expand-brackets,webpack-addons.expand-brackets,0.1.5,true,false,
extglob,webpack-addons.extglob,0.3.2,true,false,
jscodeshift,webpack-addons.jscodeshift,0.4.1,true,false,
kind-of,webpack-addons.kind-of,3.2.2,true,false,
micromatch,webpack-addons.micromatch,2.3.11,true,false,
nomnom,webpack-addons.nomnom,1.8.1,true,false,
recast,webpack-addons.recast,0.12.9,true,false,
strip-ansi,webpack-addons.strip-ansi,0.1.1,true,false,
underscore,webpack-addons.underscore,1.6.0,true,false,
write-file-atomic,webpack-addons.write-file-atomic,1.3.4,true,false,
webpack-bundle-analyzer,,2.13.1,true,false,
acorn,webpack-bundle-analyzer.acorn,5.7.3,true,false,
gzip-size,webpack-bundle-analyzer.gzip-size,4.1.0,true,false,
pify,webpack-bundle-analyzer.pify,3.0.0,true,false,
ws,webpack-bundle-analyzer.ws,4.1.0,true,false,
webpack-cli,,2.1.3,true,false,
cross-spawn,webpack-cli.cross-spawn,6.0.5,true,false,
got,webpack-cli.got,8.3.2,true,false,
inquirer,webpack-cli.inquirer,5.2.0,true,false,
pify,webpack-cli.pify,3.0.0,true,false,
prepend-http,webpack-cli.prepend-http,2.0.0,true,false,
url-parse-lax,webpack-cli.url-parse-lax,3.0.0,true,false,
webpack-dev-server,,3.1.4,true,false,
chokidar,webpack-dev-server.chokidar,2.0.4,true,false,
cliui,webpack-dev-server.cliui,4.1.0,true,false,
ansi-regex,cliui.ansi-regex,3.0.0,true,false,
strip-ansi,cliui.strip-ansi,4.0.0,true,false,
del,webpack-dev-server.del,3.0.0,true,false,
faye-websocket,webpack-dev-server.faye-websocket,0.10.0,true,false,
glob-parent,webpack-dev-server.glob-parent,3.1.0,true,false,
is-glob,glob-parent.is-glob,3.1.0,true,false,
globby,webpack-dev-server.globby,6.1.0,true,false,
pify,globby.pify,2.3.0,true,false,
http-proxy-middleware,webpack-dev-server.http-proxy-middleware,0.18.0,true,false,
is-extglob,webpack-dev-server.is-extglob,2.1.1,true,false,
is-glob,webpack-dev-server.is-glob,4.0.0,true,false,
mime,webpack-dev-server.mime,2.3.1,true,false,
pify,webpack-dev-server.pify,3.0.0,true,false,
sockjs,webpack-dev-server.sockjs,0.3.19,true,false,
strip-ansi,webpack-dev-server.strip-ansi,3.0.1,true,false,
webpack-dev-middleware,webpack-dev-server.webpack-dev-middleware,3.1.3,true,false,
yargs,webpack-dev-server.yargs,11.0.0,true,false,
webpack-log,,1.2.0,true,false,
webpack-merge,,4.1.3,true,false,
webpack-sources,,1.1.0,true,false,
websocket-driver,,0.7.0,true,false,
websocket-extensions,,0.1.3,true,false,
whatwg-encoding,,1.0.3,true,false,
iconv-lite,whatwg-encoding.iconv-lite,0.4.19,true,false,
whatwg-fetch,,2.0.4,false,false,
whatwg-mimetype,,2.1.0,true,false,
whatwg-url,,6.5.0,true,false,
which,,1.3.1,true,false,
which-module,,2.0.0,true,false,
wide-align,,1.1.3,true,false,
window-size,,0.1.0,true,false,
winston,,3.0.0,true,false,
winston-transport,,4.2.0,true,false,
wordwrap,,0.0.3,true,false,
worker-farm,,1.6.0,true,false,
wrap-ansi,,2.1.0,true,false,
is-fullwidth-code-point,wrap-ansi.is-fullwidth-code-point,1.0.0,true,false,
string-width,wrap-ansi.string-width,1.0.2,true,false,
strip-ansi,wrap-ansi.strip-ansi,3.0.1,true,false,
wrappy,,1.0.2,true,false,
write-file-atomic,,2.3.0,true,false,
ws,,5.2.2,true,false,
xml-name-validator,,3.0.0,true,false,
xml2js,,0.4.19,false,false,
xmlbuilder,,9.0.7,false,false,
xtend,,4.0.1,true,false,
y18n,,3.2.1,true,false,
yallist,,2.1.2,true,false,
yargs,,11.1.0,true,false,
cliui,yargs.cliui,4.1.0,true,false,
yargs-parser,,9.0.2,true,false,
camelcase,yargs-parser.camelcase,4.1.0,true,false,
yeoman-environment,,2.3.1,true,false,
cross-spawn,yeoman-environment.cross-spawn,6.0.5,true,false,
globby,yeoman-environment.globby,8.0.1,true,false,
inquirer,yeoman-environment.inquirer,5.2.0,true,false,
pify,yeoman-environment.pify,3.0.0,true,false,
yeoman-generator,,2.0.5,true,false,
cross-spawn,yeoman-generator.cross-spawn,6.0.5,true,false,
load-json-file,yeoman-generator.load-json-file,4.0.0,true,false,
minimist,yeoman-generator.minimist,1.2.0,true,false,
parse-json,yeoman-generator.parse-json,4.0.0,true,false,
path-type,yeoman-generator.path-type,3.0.0,true,false,
pify,yeoman-generator.pify,3.0.0,true,false,
read-pkg,yeoman-generator.read-pkg,3.0.0,true,false,
read-pkg-up,yeoman-generator.read-pkg-up,3.0.0,true,false